model,pk,fields
model,pk,fields
model,pk,fields
model,pk,fields
model,pk,fields
model,pk,fields
model,pk,fields
model,pk,fields
model,pk,fields
model,pk,fields
model,pk,fields
model,pk,fields
model,pk,fields
model,pk,fields
model,pk,fields
model,pk,fields
model,pk,fields
model,pk,fields
model,pk,fields
model,pk,fields
model,pk,fields
model,pk,fields
model,pk,fields
model,pk,fields
model,pk,fields
model,pk,fields
model,pk,fields
model,pk,fields
model,pk,fields
model,pk,fields
model,pk,fields
model,pk,fields
model,pk,fields
model,pk,fields
model,pk,fields
model,pk,fields
model,pk,fields
model,pk,fields
model,pk,fields
model,pk,fields
